Activity Id,Date,Type,Route Name,Distance (km),Duration,Average Pace,Average Speed (km/h),Calories Burned,Climb (m),Average Heart Rate (bpm),Friend's Tagged,Notes,GPX File
1f717235-b484-4b4e-bf2c-5580bce8c8c3,2020-01-13 15:00:00,Running,,33.31,2:38:08,4:45,12.64,2731.0,0,,"","Goed tot Lekker. Missie geslaagd, long run in tempo MP+11% was net iets sneller dan bedoeld. Tussen 17 en 22 km dipje maar benen gingen daarna weer sterk draaien. Gelopen op Hoka Napali. 10 graden met wind 5. Route was 25.06 via Zoetermeer, Stompwijk en Groenedijk naar Leiderdorpse brug (1:56:10) en dan via de lage zijde en de koudekerkse brug naar ouders. Daarna nog 1 km door het dorp. Stuk of 8 honingstaafjes en 1 liter sportdrank.",
9f8230b8-93c7-425e-bbbc-523a010f9c23,2020-01-13 06:10:00,Cycling,"* Yp - Loev, kortste weg",16.31,46:00,2:49,21.28,412.0,29,,"","Redelijk. Wind 3 tegen, rustig aan gefietst. Op Bulls Harrier 1.",2020-01-13-061000.gpx
a1197819-19a5-4921-9cbb-7099024a2ef9,2020-01-12 08:00:00,Running,,15.00,1:19:05,5:16,11.38,1192.0,0,,"","Goed. Wind 5, het tempo was eigenlijk meer richting 4:50. Gelopen op M490.",
24151c1d-415b-4860-8b39-f27029f630ce,2020-01-11 10:50:00,Running,,11.70,57:10,4:53,12.28,954.0,0,,"","Redelijk tot Goed. 10+ km op de baan met aan het einde nog 400 in 79 en 74. Gelopen op Hoka Tracer.",
c632b922-9fdf-4b65-9641-cf85731d5238,2020-01-10 17:40:07,Cycling,,16.50,35:00,2:07,28.29,590.0,0,,"","Goed gefietst op Bulls Harrier 1. ",
bf5d7e78-4616-4fa4-80bf-a7c98ab7896f,2020-01-10 05:47:00,Running,"* Yp - Loev, via vlietlanden",16.93,1:37:45,5:46,10.39,1311.0,28,,"","Goed. Prima benen, beetje zware quads. Gelopen op Clifton 2 (2).",2020-01-10-054700.gpx
316a3605-03d6-4cde-b10f-887b993ad996,2020-01-09 16:05:00,Running,,17.20,1:25:25,4:58,12.08,1398.0,0,,"","Goed. Geen workout ivm geweld van afgelopen zondag. Begon rustig rond 5 min per km, toen twee km langzamer en daarna steeds kms rond de 4:58. Gelopen op Hoka Napali. Nieuwe sokken van Kantan, zijn ok, moeten nog een paar keer gewassen worden.",
858663eb-7c3e-468f-ae95-a522f5be8912,2020-01-09 06:04:00,Running,,1.00,5:10,5:10,11.61,80.0,0,,"","Goed. Gelopen op Hoka Napali.",
a13f3a82-3578-49ba-8b06-dcf85aa4016f,2020-01-08 08:25:26,Running,,13.50,1:13:49,5:28,10.97,1029.0,0,,"","Goed. Gelopen op Clifton 2 (2) Flink wat wind. ",
da05ec37-6592-41ce-8fc2-951cbda5f237,2020-01-08 07:35:00,Running,"Rondje Rijnvreugd",2.11,11:34,5:30,10.92,163.0,5,,"","Goed. Met Abby. Gelopen op Clifton 2 (2).",2020-01-08-073500.gpx
e018e467-d844-4ccb-a928-a34c4a4d9930,2020-01-07 15:50:00,Running,,17.20,1:29:30,5:12,11.53,1374.0,0,,"","Redelijk tot Goed. Benen zijn nog niet hersteld, maar dit kon wel. Na een klein half uur ging het draaien. Gelopen op Hoka Napali 2. Wind 4 mee.",
e31c7816-5126-482a-bfcd-6f974f3921e8,2020-01-07 06:22:00,Cycling,"* Yp - Loev, kortste weg",16.31,39:00,2:23,25.10,420.0,29,,"","Goed. Niet volle bak gereden. Gefietst op Bulls Harrier 1.  Beetje wind tegen.",2020-01-07-062200.gpx
c3e249d0-39e1-4c61-ae9b-7202d6ef932f,2020-01-06 16:32:00,Running,,9.60,51:00,5:19,11.29,763.0,0,,"","Redelijk. Stijve onderbenen, verder ok. Laatste km met Abby. Gelopen op Hoka Napali 2.",
89f9d765-237a-4041-a95a-2c9c0837f395,2020-01-05 10:02:00,Running,,25.00,1:39:12,3:58,15.12,1973.0,0,,"","Lekker++. Hele goeie benen. Eerst 10 km voorvermoeien in 40:32. 20 minuten rust en daarna de 15 km wedstrijd als onderdeel van de Leidse Nieuwjaarsloop. 10e overall. 5e in leeftijdscategorie 35-44. Tijdens de wedstrijd 10 km in ~38:40. 300 ML ORS en een cola-gelletje 15 minuten voor de wedstrijd. Gelopen op Nike Zoom Streak 6, die zijn nog steeds fantastisch. Zes graden en best wat wind (3).",
80b94155-e3fd-432e-a89b-9894a0abb77d,2020-01-04 10:53:00,Running,,12.00,57:48,4:49,12.46,981.0,0,,"","Goed. Prima eternal legs. Begonnen in tempo 5:10 en langzaam steeds iets sneller per rondje. Gelopen op Hoka Clifton 2 (2).",
fbd6aaf5-0cf1-48f0-8280-9be0cf2e74c7,2020-01-03 08:00:00,Running,,16.28,1:35:23,5:52,10.24,1258.0,14,,"","Redelijk tot Goed. Veel tegenwind gehad. Gelopen op Hoka Arahi 2.",2020-01-03-080000.gpx
fff94206-9223-405e-8b0d-6f56dabe3f4c,2020-01-02 20:05:00,Running,,2.11,11:15,5:20,11.23,162.0,5,,"","Goed. Samen met Abby. Gelopen op Clifton 2 (2).",2020-01-02-200500.gpx
fc66e290-6d91-47a8-b136-6734fecfc85e,2020-01-02 09:35:00,Running,"10 miles ruige kade",16.20,1:05:23,4:02,14.87,1196.0,17,,"","Goed tot Lekker. Progressieve tempoduurloop. Eerste brug (ruige kade bij het informatiecentrum) in 19:51, tweede brug (rechtsaf Mattenkade op) 27:56 (tegenwind). 37:30 bij knooppunt Dorpsstraat. Laatste 6.6 km vanaf cafe de hoek in 25:30 (tempo 3:51). Gelopen op Hoka Tracer. 1 banaan als ontbijt. Graad of 3, wind 2 a 3.",2020-01-02-093500.gpx
6c4f447f-1596-4019-8c3d-1906c2dc48a6,2020-01-01 17:35:00,Running,,0.51,2:28,4:50,12.41,40.0,0,,"","Goed. Samen met Abby een snel rondje omhet blok. Gelopen op Clifton 2 (2).",2020-01-01-173500.gpx
2e5d8d48-d75e-42a7-9ce2-81d52f8dcfc7,2020-01-01 09:30:49,Running,,6.00,29:53,4:59,12.05,464.0,0,,"","Goed tot Lekker. Benen zijn weer ok. Zes uur geslapen, weinig alcohol. Gelopen op Clifton 2 (2) met neef Sacha. ",
3c797a9b-9d37-443f-898c-afa35dd1330a,2019-12-31 11:15:24,Running,,6.75,34:46,5:09,11.65,516.0,0,,"","Goed. Lichte spierpijn. Gelopen op Hoka Arahi 2. ",
d9987225-bf85-4417-bde5-e1c07616d95a,2019-12-30 06:59:27,Running,,35.91,2:51:47,4:47,12.54,2819.0,298,143,"","Redelijk. Benen gingen mechanisch niet al te goed. Na 24 km waren de liezen redelijk strak en na 33 km de rechterknie (buitenkant) aan het bokken. Nuchter gelopen, geen ontbijt. Onderweg 833 ML water met zout en citroensap (kalium). 3 rondjes Hoogmade, steeds tweede helft flink wind tegen. Net boven het vriespunt, wind 3. Gelopen op Hoka Napali.",2019-12-30-065927.gpx
aa270c71-896d-4872-b362-430d6f47b200,2019-12-29 13:45:22,Running,,15.00,1:16:51,5:07,11.71,1148.0,0,,"","Goed. Gelopen op Clifton 2 (2), net deels verzoold. Het was koud. ",
c9ec9f19-9400-4800-8360-7d42d089af28,2019-12-28 08:50:00,Running,"Rondje Hoogmade",11.89,1:05:36,5:31,10.88,910.0,7,,"","Redelijk. Moeie benen na een lange dag in de Efteling en een korte nacht slapen. Op Hoka Napali. Nul graden, weinig wind.",2019-12-28-085000.gpx
304dd477-ab69-4d26-b9d2-aa2d68d8e5f0,2019-12-27 11:00:00,Walking,,10.00,2:15:00,13:30,4.44,557.0,0,,"","Goed. Schatting van een hele dag in de Efteling (11:00-20:00).",
94fe0c0f-301f-44f5-b7ca-07d357890a16,2019-12-26 09:00:00,Running,,16.50,1:14:43,4:32,13.25,1339.0,0,,"","Goed tot Lekker. Tempo was goed vol te houden ondanks steeds zwaarder wordende quads. 6 x 2 km met 80 sec herstel. Splits waren 7:51, 46, 44, 54, 55, 38. Gem. 7:48. Vierde rep was de concentratie weg. Gelopen op Hoka Tracer. Weinig wind, graad of 3.",
389a3519-3770-4a7a-bd17-c224e11396ec,2019-12-25 09:00:00,Running,"10 miles ruige kade",16.20,1:21:14,5:01,11.97,1213.0,17,,"","Goed. Flink veel wind, wind mee was het tempo rond 4:40, wind tegen flink wat tijd in moeten leveren, maar de effort is uiteraard hoog. Gelopen op Hoka Napali 2.",2019-12-25-090000.gpx
1ff5f9ab-3089-4c31-a05e-6431c277514f,2019-12-24 07:40:00,Running,,12.70,1:08:39,5:24,11.10,1014.0,0,,"","Redelijk tot Goed. Massage bij Klein heeft de benen flink wat sneller doen herstellen, maar na 30 minuten waren de quads toch wat aan de zware kant. Gelopen op Hoka Arahi 2 door de regen.",
d194d8b2-0ce9-4d9a-9d96-9fc66df2bb22,2019-12-23 08:40:00,Running,,24.04,1:46:15,4:25,13.58,1928.0,0,,"","Goed. Doel was 24 km in MP+5%, ondanks dat het weer erg variabel werd door de wind was het gemiddeld precies goed. Twee rondjes Hoogmade. Tussen 7 km en 12 km en tussen 19 km en 24 km wind tegen. Gelopen op Hoka Napali. Graad of 8, veel wind. Na 12 km 200ML Mauriten sportdrank en na 15 km 1 gel van High5.",
87cbac73-8f2e-45e5-a6f7-cbadc6155c1d,2019-12-22 09:10:00,Running,"10 miles ruige kade",16.11,1:18:06,4:51,12.38,1126.0,12,,"","Goed. Prima hersteld van vrijdag, zo'n 85 a 90%. Gelopen op Clifton 2 (2). Klein windje en beetje regen. Graad of 8.",2019-12-22-091000.gpx
f67b994d-85fd-4f38-8b81-37ec13c74979,2019-12-21 17:30:00,Running,,2.00,10:00,5:00,12.00,162.0,0,,"","Goed. Kerstcross bij Leiden Atletiek. Samen met Abby (A1-pupil). Gelopen op Hoka Clifton 2 (2).",
2ef9883e-f4cb-42f3-9a43-a27f70a78d1b,2019-12-21 14:45:00,Running,"Rondje Hoogmade",11.89,1:04:09,5:24,11.12,909.0,7,,"","Redelijk. Herstelloopje. Gelopen op Zante. Veel wind en vocht.",2019-12-21-144500.gpx
b9811d6e-5f0f-4791-b3f7-6d2cf1e46f8a,2019-12-20 16:10:00,Running,,17.20,1:10:26,4:06,14.65,1364.0,0,,"","Lekker. Hele goeie benen. Doel was tempo MP, ging iets sneller. Wind mee dat scheelt, ook voor de concentratie. Tweede helft sneller. 5 km in 20:30, 10 km in 41:30. 61:01 bij de 2e waterpomp. Gelopen op Hoka Tracer, zijn een stuk fijner nu de neuzen wat zijn opengeknipt. Niks gegeten of gedronken.",
85bf39f1-df0b-4e15-8d38-2196495d319c,2019-12-20 06:04:00,Running,,1.00,3:50,3:50,15.65,78.0,0,,"","Lekker. Hele goeie benen, waarschijnlijk hebben twee rustige dagen (9.5 en 12 km) geholpen. Gelopen op Hoka Tracer.",
94a121a1-4a35-41a8-9b1f-6ac27fec0421,2019-12-19 09:30:00,Running,,12.00,1:04:32,5:23,11.16,957.0,0,,"","Redelijk tot Goed. Duidelijk nog aan het herstellen van zondag t/m dinsdag combo. Gelopen op M490. Graad of 9, veel wind.",
4218c16c-9d70-43ba-b3b9-e522a7b2f8b9,2019-12-18 11:20:00,Running,,9.10,48:00,5:17,11.37,692.0,10,,"","Goed. Quads zijn nog steeds destroyed, verder goed geslapen en uitgerust. Gelopen op Hoka Tracer, neuzen net opengeknipt. Graad of 8.",2019-12-18-112000.gpx
e9602b94-89c3-4ded-87ee-0731caa16e00,2019-12-17 16:32:00,Cycling,,18.00,42:00,2:20,25.71,652.0,0,,"","Goed. Gefietst op Bulls Harrier 1.",
a9462c8c-7a5f-4542-ae1d-22ed82ca1798,2019-12-17 05:15:00,Running,"* Yp - Loev, via vlietlanden",16.93,1:47:25,6:21,9.46,1327.0,28,,"","Matig. Rechterquad toont tekenen van overbelasting. Lichte migraine kwam op na 25 minuten. Wel goed doorgedieseld. Wel perfect weer om te lopen. Op Hoka Arahi 2.",2019-12-17-051500.gpx
2f7bf8de-8019-4d81-95de-9eb387220ff1,2019-12-16 15:05:00,Running,"Yp - H'woude (31.3)",31.26,2:24:12,4:37,13.01,2447.0,26,,"","Goed. Doel was MP+15%, ging iets sneller. Negative split. 10 km in 48 min, 16 km in 1:13, 21 in 1:37. Gelopen op Hoka Napali. iedere 5 km een honing, behalve bij 15 en 25 km een gel (maxim drink, cola en vivit energy rood fruit). Weinig wind, weinig regen.",2019-12-16-150500.gpx
6fbe448f-2691-42bc-b7df-715d3de8f52e,2019-12-16 06:13:00,Cycling,"* Yp - Loev, kortste weg",16.31,42:00,2:34,23.31,417.0,29,,"","Goed. Tegenwind. Gefietst op Bulls Harrier 1.",2019-12-16-061300.gpx
4205f0ca-0399-4b66-9b3f-21958ccde2d9,2019-12-15 08:50:00,Running,,17.00,1:27:57,5:10,11.60,1361.0,0,,"","Goed. Harde wind en zware quads zorgden dat het tempo niet helemaal onder de 5:00. Gelopen op Clifton 2 (2). Graad of 6 en droog met zon.",
313af1b3-a921-428e-bcbd-20f00405fb9c,2019-12-14 10:55:00,Running,,10.00,48:20,4:50,12.41,817.0,0,,"","Redelijk. Benen zijn redelijk snel leeg. Na 20 rondjes nog een 1600 in 6:14, enorm veel wind. Gelopen op Hoka Clifton 2 (2). Graad of 6.",
5cbfa47c-40fe-43fc-b7bd-2258167cd086,2019-12-13 16:45:00,Running,"Loev naar Leiden Centaal",4.00,20:02,5:00,11.98,312.0,9,,"","Goed. Gelopen op Hoka Arahi 2.",2019-12-13-164500.gpx
7842c63f-37a4-4bbc-bfdf-ccbef23002d5,2019-12-13 05:50:00,Running,"* Yp - Loev, via vlietlanden",16.93,1:43:22,6:06,9.83,1319.0,28,,"","Redelijk. Hele zware benen, vooral laatste 3 km. Die intervallen van gister zitten er nog goed in. Gelopen op Arahi 2. Het was droog.",2019-12-13-055000.gpx
4474c4ac-8ae9-4099-8d86-8d66c26f8ffd,2019-12-12 11:00:00,Running,,17.50,1:20:23,4:36,13.06,1429.0,0,,"","Goed. Hanssons strength++ oftewel wat aan de lage kant van de lactaatzone, rond 21KP. 5 x 2km met 80 tot 90 seconden herstel. Splits waren 7:43, 7:52, 7:45, 7:46 en 7:49, avg 7:47 (tempo 3:53). Gelopen op Nike Zoom Streak 6. Graad of 5, redelijk wat wind.",
9e027f97-bb9d-4612-9d43-d4f71b28a79f,2019-12-11 11:15:00,Cycling,,19.50,58:00,2:58,20.17,641.0,0,,"","",
5bddd37a-4de6-4f09-a1f8-bae73ba30754,2019-12-11 09:00:00,Running,,15.90,1:20:44,5:05,11.82,1282.0,0,,"","Redelijk tot Goed. Quads zijn erg zwaar. Gelopen op Hoka Napali. Graad of 8, geen wind.",
002d1fb4-a042-40fb-a4c4-83dc9c41e1cd,2019-12-10 05:09:00,Running,"* Yp - Loev, via vlietlanden",16.93,1:35:00,5:37,10.69,1308.0,28,,"","Goed. Benen zijn goed hersteld, nog wel wat zware quads. Gelopen op Hoka Arahi 2. Graad of 7 en droog, geen wind, heerlijk weer.",2019-12-10-050900.gpx
ec44cc26-b1b4-41ee-bc53-b648e7b4f366,2019-12-09 15:03:00,Running,,24.10,1:57:08,4:52,12.34,1967.0,0,,"","Lekker. Goeie benen, doel was 5%, maar vanwege de harde wind ging er erg veel tijd verloren. Waar het kon liep ik 16KP tot MP. Bij 17km punt was ik nog voor op schema, toen pal tegen de wind in richting Hazerswoude. 5 staafjes honing en 1 liter ORS. Gelopen op Hoka Tracer. Wind 6, graad of 7 en wat regen.",
bc3e8590-021e-4130-9cd7-81df9b231915,2019-12-09 06:15:00,Cycling,"* Yp - Loev, kortste weg",16.93,42:00,2:29,24.19,440.0,28,,"","Redelijk. Veel regen, op Bulls Harrier 1.",2019-12-09-061500.gpx
bb6bd262-2761-4d61-88d7-312fa4728d37,2019-12-08 13:30:00,Running,,4.00,22:12,5:33,10.81,321.0,0,,"","Goed. Met Abby, veel wind. Op Clifton 2 (2).",
1d89988a-42c7-48a0-acab-aac64e7c61b9,2019-12-08 09:00:00,Running,"Rondje Hoogmade",11.89,1:00:54,5:07,11.72,908.0,7,,"","Goed. Benen zijn al weer wat frisser dan gister. Storm 6, ruige kade wind mee, dus zonder moeite 10kp over 4 km tot aan Hoogmade. Daarna vol in de wind. Gelopen op M490.",2019-12-08-090000.gpx
7595024a-ec82-4cf6-9cab-5216ab42ae32,2019-12-07 10:50:30,Running,,10.00,50:28,5:03,11.89,770.0,0,,"","Redelijk. Zware quads. Eerst 20 rondjes in tempo 5:20, daarna 1600 in ongeveer 10kp, 5:54. Gelopen op Zante. Veel wind en droog. ",
e11389a7-1fab-4805-9762-1a0fbbdd202c,2019-12-06 16:00:00,Running,,17.20,1:25:35,4:59,12.06,1397.0,0,,"","Goed. Beentjes waren wat zwaar. Gelopen op Clifton 2 (2). Graad of 7, wind 5 mee en regen.",
02422105-c238-4934-ad0a-eb1bcf9e638b,2019-12-06 06:05:00,Running,,1.00,4:00,4:00,15.00,79.0,0,,"","Goed. Op Clifton 2 (2).",
79d893ae-0b38-4980-b664-78a09cd39ee2,2019-12-05 09:30:00,Running,"10 miles ruige kade",16.20,1:07:50,4:11,14.33,1204.0,17,,"","Goed tot Lekker. Moest een progressieve tempoduurloop, gemiddeld net onder tempo 4:00 worden, maar het was zo glad dat het een fartlek werdt in gemiddeld MP. Het gladde middenstuk, voornamelijk op de ruige kade heb ik rustig gelopen. Het eerste stuk (19:10 naar de hoek in de kade bij Hoogmade) en het laatste stuk vanaf de watertoren in Hazerwoude erg hard gelopen. Op Hoka Tracer, die gaven weinig grip. Graad of 2. Klein windje.",2019-12-05-093000.gpx
9545b3a7-e44f-44f2-ada5-98fdd60c928d,2019-12-04 09:30:00,Running,,7.65,39:29,5:10,11.63,613.0,0,,"","Redelijk. Zware benen, beetje uitlopen. Gelopen op Hoka Clifton 4. Graad of 2.",
0e0e2c02-2a9e-4f8c-ac4f-d755d24ef7b2,2019-12-03 16:33:35,Cycling,,18.00,0:37,0:02,1751.35,12.0,0,,"","Goed, brandstof op, benen leeg. Bulls Harrier 1.",
ace7142c-039b-4802-aa50-d1e81a9133f0,2019-12-03 05:33:00,Running,"* Yp - Loev, via vlietlanden",16.93,1:38:30,5:49,10.31,1312.0,28,,"","Redelijk tot Goed. Beentjes waren redelijk hersteld van 29 km op maandag. Na km of 10 stijve heupen en bovenbenen iets zwaar. Gelopen op Hoka Arahi 2.",2019-12-03-053300.gpx
0e00179c-c652-402a-aec2-985b02215b02,2019-12-02 15:03:00,Running,"Yp - Loev - 29km",29.06,2:14:31,4:38,12.96,2279.0,26,,"","Goed, soms Lekker. 15% loop, maar werd 11%. Ondanks verkoudheid waren de benen meer dan goed. 10 km in 45:40, 15 km in 68:20, 21.1 km in 1:38:10. Gelopen op Hoka Napali. Af en toe regen, vochtig weer, klein windje. Geleefd op staafjes honing en ORS.",2019-12-02-150300.gpx
3d436057-94e0-4ee7-888f-48877cbb4773,2019-12-02 05:55:00,Cycling,"* Yp - Loev, kortste weg",16.31,43:00,2:38,22.76,416.0,29,,"","Redelijk, zat geen tempo in. Gefietst op Bulls Harrier 1.",2019-12-02-055500.gpx
70721710-73f5-4b63-900b-9fe239f573f1,2019-12-01 14:45:00,Running,,2.00,8:48,4:24,13.64,160.0,0,,"","Lekker. Gelopen op Hoka Napali 2.",
7c7715ca-253e-4b4a-b504-00eb3e72ede4,2019-12-01 09:30:00,Running,"10 miles ruige kade",16.20,1:13:51,4:33,13.16,1232.0,17,,"","Goed. Eerste keer op Hoka Napali 2. 0 graden, geen wind.",2019-12-01-093000.gpx
c4ea5709-4f72-433c-8b0d-22b78397d262,2019-11-30 08:35:00,Running,"Rondje Hoogmade",11.89,58:30,4:55,12.20,910.0,7,,"","Goed. Laatste km in ~3:20. Gelopen op Zante 2. 3 graden.",2019-11-30-083500.gpx
0db03adc-5abf-4867-b8a4-9dc8bc474dbd,2019-11-29 16:55:00,Cycling,,18.00,40:00,2:13,27.00,664.0,0,,"","Lekker. Gefietst op Bulls Harrier 1.",
4afcdac5-7eb7-47a2-a3e4-159c79912f80,2019-11-29 05:45:00,Running,"* Yp - Loev, via vlietlanden",16.93,1:32:13,5:27,11.02,1300.0,28,,"","Goed. Frisse benen, redelijk geslapen. Gelopen op Arahi 2. Geen regen! Graad of 8.",2019-11-29-054500.gpx
57cb7724-d19f-43ba-a315-8bfdc090cd1f,2019-11-28 16:40:11,Running,,3.00,16:15,5:25,11.08,228.0,0,,"","Goed. Training met Abby. Gelopen op Clifton 2 (2) ",
8edd2eb9-b7b1-4478-8a80-9c8c85d8c0e5,2019-11-28 16:05:02,Running,,17.10,1:20:04,4:41,12.81,1338.0,0,,"","Redelijk. Behoorlijk verkouden, even geen training maar easy run. Regen en wind 5. Gelopen op Clifton 2 (2) ",
938378e2-68ef-4ec1-b440-1512277d82dc,2019-11-28 06:19:00,Cycling,"* Yp - Loev, kortste weg",16.31,53:00,3:15,18.47,405.0,29,,"","Redelijk. Windkracht 5 tegen, dikke regen. Op Bulls Harrier 1.",2019-11-28-061900.gpx
e87eceef-9285-4610-abe9-41c14812f51a,2019-11-27 19:05:00,Running,,2.50,13:40,5:28,10.98,200.0,0,,"","Lekker. Goeie benen, net als vanmorgen. Rondje met Abby door de regen. Gelopen op Hoka Clifton 2 (2).",
e9dcdd78-1aad-4382-92f2-4954872ad560,2019-11-27 10:40:00,Running,,7.75,38:18,4:57,12.14,630.0,0,,"","Goed tot Lekker. Benen weer prima. Gelopen op Clifton 2 (2). Regen en wind. Graad of 11.",
684c67c8-a726-4bc1-ac20-982b6b66db36,2019-11-27 08:15:00,Cycling,,39.00,1:54:00,2:55,20.53,1292.0,0,,"","Goed. Optelsom van alle stukjes tussen huis, school, twee hockeyclubs, een muziekschool en twee winkelcentra. Op Batavus Weekend.",
39f5e2d0-3b65-491a-856a-57817228f00a,2019-11-26 16:21:00,Cycling,,18.00,39:00,2:10,27.69,671.0,0,,"","Goed. Flinke regen, wind schuin mee. Gereden op Bulls Harrier 1.",
e108581f-c76f-45ba-b043-64e8acead3fe,2019-11-26 05:35:00,Running,"* Yp - Loev, via vlietlanden",16.93,1:35:09,5:37,10.68,1308.0,28,,"","Lekker. Korte nacht, koffie en warmingup. De benen waren verbazingwekkend goed, heb een flinke sprong gemaakt. Gelopen op Hoka Arahi 2. Graad of 8, miezerregen.",2019-11-26-053500.gpx
7ee13ee0-10bd-4b0a-a536-ca42cd63a387,2019-11-25 15:25:00,Running,,23.70,1:42:36,4:20,13.86,1886.0,0,,"","Lekker++. Hele goeie benen. MP+4%. Rondje Zoetermeer 2, plus nog 3 km door de wijk. 5 km in 12:30, 10 km in 44:30, 15 km in 66:40, 20 km in 87:30. Gelopen op Hoka Tracer. 6 staafjes honing en 500 ML ORS.",
ff33d6ae-30b0-4d96-ac07-dc194f9c11bf,2019-11-25 06:11:00,Cycling,"* Yp - Loev, kortste weg",16.31,41:00,2:31,23.87,418.0,29,,"","Goed. Gereden op Bulls Harrier 1.",2019-11-25-061100.gpx
7a927358-5661-4756-b7f0-fbc6006f9cd3,2019-11-24 17:30:00,Running,,3.50,21:00,6:00,10.00,283.0,0,,"","Goed. Met Abby. Gelopen op Zante 2.",
ebd3cd97-7e8b-4975-810e-2c0e8339dcbc,2019-11-24 14:50:00,Running,,3.00,16:01,5:20,11.24,239.0,0,,"","Goed. Gelopen op Zante 2.",
e7a0038f-e246-4e36-a18c-9c227ef82ac6,2019-11-24 09:00:00,Running,"10 miles ruige kade",16.20,1:18:18,4:50,12.41,1223.0,17,,"","Goed tot Lekker. Na km of 8 gingen de beentjes lekker draaien. Gelopen op Zante 2. Graad of 4 met zon, geen wind.",2019-11-24-090000.gpx
126fd561-58d6-4aaa-942f-2d4c4b29a762,2019-11-23 10:50:19,Running,,10.40,51:38,4:58,12.09,805.0,0,,"","Goed. 26 rondjes rond MAF, 140 a 145. Gelopen op Clifton 2 (2). Wind 3, 5 graden en bewolkt. ",
3235472d-f8db-408b-8596-1f857870c4e6,2019-11-22 16:35:00,Cycling,,18.00,41:00,2:17,26.34,658.0,0,,"","Goed. Zat laag in de energie, maar goed in de benen. Gefietst op Bulls Harrier 1.",
ceba9fc5-e17d-4ffc-8484-5ebf87727f98,2019-11-22 05:15:00,Running,"* Yp - Loev, via vlietlanden",16.93,1:47:02,6:19,9.49,1326.0,28,,"","Redelijk. Stijf, achillespezen hebben te lijden gehad onder donderdag. Weinig geslapen. Gelopen op Hoka Clifton 4. Graad of 3 miezerige regen.",2019-11-22-051500.gpx
2199460c-78da-4c9d-9260-e191c4138836,2019-11-21 16:01:00,Running,,17.10,1:11:39,4:11,14.32,1358.0,0,,"","Goed tot Lekker. Power in de beentjes. 5 x 1 km alternations MP-5a10%. Steeds tussen de 3:45 en 3:57 dus. Herstelstukken gingen ook goed, zo tussen 4:20 en 4:35. Gelopen op Nike Zoom Streak 6 met nieuwe dikke hoge thermosokken (bevallen goed). Graad of 3 met wind 3 schuin tegen.",
97742f02-b108-4347-83f4-1fb8338bbe2f,2019-11-21 07:09:12,Cycling,,19.00,47:00,2:28,24.26,674.0,0,,"","Goed. Rustig gefietst, graad of 1, niet glad. Op de Bulls Harrier 1.",
707d52db-6a20-4bcf-b2d2-3a67647e1441,2019-11-20 01:45:00,Running,,5.00,25:42,5:08,11.67,401.0,0,,"","Goed. Effe de beentjes loslopen, meer tijd was er niet vandaag. Gelopen op Hoka Clifton 2 (2).",
702187d6-da6a-47a1-8ac0-28c5320f16de,2019-11-19 16:40:16,Cycling,,18.00,38:00,2:07,28.42,677.0,0,,"","",
6de85197-9e96-4b34-9508-6537b5905193,2019-11-19 05:34:00,Running,"* Yp - Loev, via vlietlanden",16.93,1:37:14,5:45,10.45,1311.0,28,,"","Goed. Heupen waren prima, ondanks korte nacht goed hersteld. Gelopen op Hoka Arahi 2. Beetje regen, graad of 8.",2019-11-19-053400.gpx
64512bea-4efe-4177-91f2-7b512baba5d1,2019-11-18 15:04:00,Running,,29.00,2:19:15,4:48,12.50,2372.0,0,,"","Goed tot Lekker. Vlak gelopen rond tempo 4:50 ondanks de straffe wind. Benen waren wat zwaar na een uur, maar geen hinder van. Gelopen op Hoka Napali. 500 ML ORS. Ieder kwartier een staafje honing, dat valt goed. Graad of 7, wind 5, veel regen.",
d9ec8c06-0a8d-4fb6-afc0-e603fc0f8a50,2019-11-18 06:09:00,Cycling,"* Yp - Loev, kortste weg",16.31,39:00,2:23,25.10,420.0,29,,"","Goed. Gereden op Bulls Harrier 1.",2019-11-18-060900.gpx
c50e1516-4dff-4919-b28c-55de3cf0264c,2019-11-17 08:45:00,Running,,14.49,1:12:39,5:01,11.97,1122.0,11,,"","Redelijk tot Goed. Zware quads. Gelopen op Zante 2. Geen wind, zon, 3 graden.",2019-11-17-084500.gpx
a2efeaa4-53d9-4543-bc97-77bcfd96b3e5,2019-11-16 10:45:35,Running,,10.00,45:52,4:35,13.08,777.0,0,,"","Goed. Beetje zware quads. 25 rondjes op de baan, begonnen in 5:00 langzaam sneller. Laatste rondje in 1500 meter pace. Gelopen op Clifton 4. Graad of 4,weinig wind. ",
6f4fb863-3da9-41ad-b29f-9167335fc3b7,2019-11-15 15:55:22,Running,,17.10,1:25:54,5:01,11.94,1384.0,0,,"","Goed tot Lekker. Via huis van Valerie. Gelopen op Hoka Arahi 2. Graad of 5 met gure wind 4 tegen.",
76a76f71-6311-461b-97d9-c6e5d5544af9,2019-11-15 06:30:00,Running,,1.00,4:50,4:50,12.41,82.0,0,,"","Goed. Sinds weken weer eens met de trein. Gelopen op Hoka Arahi 2.",
f3403efc-232a-4f33-a442-7704380136bf,2019-11-14 12:30:00,Running,"10 miles ruige kade",16.20,1:06:00,4:04,14.73,1197.0,17,,"","Lekker. Van te voren zware benen, maar totaal geen last van, zat veel power in. Progressieve tempoduurloop, gemiddeld in Strength pace. Eerste stuk medium inspanning, middenstuk brute wind tegen dus wat langzamer en laatste 6.8 in 26:30 = tempo 3:53. Gelopen op Hoka Tracer. Graad of 6.",2019-11-14-123000.gpx
72b7e056-f639-4cda-b005-a7d32ba40e80,2019-11-13 10:25:00,Running,"Rondje Hoogmade",11.89,59:06,4:58,12.07,910.0,7,,"","Goed. Beetje zware benen. Gelopen op Clifton 2 (2).",2019-11-13-102500.gpx
c7871ac5-e0cc-42d2-956d-2ac51707600e,2019-11-12 05:40:00,Running,"* Yp - Loev, via vlietlanden",16.93,1:40:00,5:54,10.16,1314.0,28,,"","Goed. Prima benen. Gisteravond harde massage met de deegroller. Gelopen op Clifton 4. Graad of 5 en harde regen en wind.",2019-11-12-054000.gpx
1ceb0329-3985-4872-a0fe-baf818f9a39b,2019-11-11 15:35:00,Running,,21.88,1:37:10,4:26,13.51,1759.0,0,,"","Lekker. Hele goeie benen. Weer een MP 5% loop. Rustig geopend met 4:35, daarna tempo 4:25 opgezocht. 10 km in 44:15, 56 min bij 1e waterpunt, daarna hele goeie benen. 64 bij 2e waterpunt. Ieder kwartier een honingunit (5x). In totaal 1 liter ORS weggezet middels de soft-flasks in het racevest. Gelopen op Hoka Napali. 5 graden, volop regen en wind 4 mee.",
6fc72fc8-faf6-4779-adac-90fa7757c321,2019-11-11 06:05:00,Cycling,"* Yp - Loev, kortste weg",16.31,36:30,2:14,26.82,424.0,29,,"","Goed. Gefietst op Bulls Harrier 1. 4 graden, wind 3 tegen.",2019-11-11-060500.gpx
4472271f-496d-402c-bc65-eb23c9b6cec4,2019-11-10 09:17:00,Running,,19.30,1:36:36,5:00,11.99,1564.0,0,,"","Goed. 16.1 (rondje ruige kade, koudekerksebrug) + 2 x 1.6 (action). Gelopen op Zante. 0 graden, zon en mist.",
2784f52d-861b-4131-ab94-e9948c3984a3,2019-11-09 11:15:00,Running,,8.00,41:36,5:12,11.54,639.0,0,,"","Goed. 3 x 1 mijl op de baan, marathonfocus, tussen 90 en 100 sec per rondje. Splits waren 6:15, 6:05 en 6:10. 400 herstel in 2:30. Gelopen op Hoka Clifton 2 (2). Wind 5, regen en graad of 8.",
9ed37b71-8b3c-4800-8131-402104a03fe6,2019-11-09 10:25:00,Cycling,,15.00,45:00,3:00,20.00,491.0,0,,"","",
9713712b-dd60-4103-8524-913903b496ea,2019-11-08 00:15:00,Running,,13.00,1:08:12,5:15,11.44,1035.0,0,,"","Redelijk tot Goed. Nogwel zware benen. Gelopen op Clifton 4. Graad of 6 met zon.",
44cffd08-abfa-466a-b260-1ed6d9516150,2019-11-07 16:05:00,Running,,9.50,49:50,5:15,11.44,757.0,0,,"","Goed. Laatste kwartier lekker. Gelopen op Clifton 2 (2).",
6d11f06d-eef3-4f25-9d6d-9c8f3ef48848,2019-11-07 05:15:00,Running,"* Yp - Loev, via vlietlanden",16.93,1:37:42,5:46,10.40,1311.0,28,,"","Goed. Begon lekker, maar na km of 12 werd ging wat stroever. Gelopen op Clifton 2 (2). Regen, graad of 6.",2019-11-07-051500.gpx
a8bd712d-0b9d-4ca6-82e9-0c7ba8cf1fb9,2019-11-06 19:10:00,Running,,7.60,40:00,5:16,11.40,604.0,0,,"","Goed. Bij uitzondering savonds gelopen, overdag was er geen tijd. Even loslopen. Op Zante 2.",
68718148-b44f-4c5f-9f8b-adb12ded230c,2019-11-06 10:55:19,Swimming,,0.70,20:00,28:34,2.10,176.0,0,,"","Goed ",
331de24a-667c-45bc-9e6f-78651f60fcfe,2019-11-05 16:30:00,Cycling,,18.00,38:00,2:07,28.42,677.0,0,,"","Goed. Gefietst op Bulls Harrier 1.",
0b6d0f09-d0aa-4879-bda6-e356623ddb84,2019-11-05 05:20:00,Running,"* Yp - Loev, via vlietlanden",16.93,1:49:42,6:29,9.26,1334.0,28,,"","Redelijk. Na de duurloop was dit een goeie effort. Geen spierpijn maar wel lange warmup om de enkels los te maken. Na 70 minuten stijve heupen. Gelopen op Hoka Arahi 2.",2019-11-05-052000.gpx
73a29a7c-c63c-4442-acc9-193ee29c7ff9,2019-11-04 15:30:00,Running,,26.10,2:07:10,4:52,12.31,2129.0,0,,"","Lekker. Eerste lange duurloop in tijden. Benen waren goed, pas na 2 uur beetje stijve heupen. Camelbak racevest aan met 2 x 500 ml water met zout en suiker. Ook nog staafje honing en twee dextro genomen na 1:15. 5km in 23:30, 10 km in 48, 15 km in 1:13, Gelopen op Hoka Napali. 13 graden. Yp naar Stompwijk, Groenestein, Kouderkerkse brug en linksaf langs de Rijn naar huis.",
a1f5506f-a34c-4d43-96a3-2e7091e2bb5f,2019-11-04 06:20:00,Cycling,,19.00,45:00,2:22,25.33,685.0,0,,"","Goed. Gefietst op Bulls Harrier 1. Wind 3 tegen.",
2d434de8-42dd-4656-bd1c-bccbeebfb984,2019-11-03 09:56:00,Running,"Rondje Hoogmade",11.89,1:10:25,5:55,10.13,909.0,7,,"","Matig. Herstelrondje. Zware quads, pijnlijke achillespezen. Perfect weer. Gelopen op M490.",2019-11-03-095600.gpx
3f202b8b-991d-46ba-90e9-fe71a27667c0,2019-11-02 10:42:18,Running,,8.00,36:00,4:30,13.33,616.0,0,,"","Goed. 5 x 400 meter progressief beginnende met sub 5kp. 400 herstel. Splits waren 81, 79, 76,76 en 75. Gelopen op Zante 2. Regen en wind. ",
29dce584-ea0e-40f2-9695-2d51004990ec,2019-11-01 05:29:00,Running,"* Yp - Loev, via vlietlanden",16.93,1:45:27,6:14,9.63,1322.0,28,,"","Goed. Na een korte nacht. Mentaal sterk, stijve achillespezen. Massage gisteravond heeft veel geholpen. Gelopen op Hoka Arahi 2. Graad of 3, weinig wind.",2019-11-01-052900.gpx
2f0a4970-2528-44f3-914a-aa64a77bab2f,2019-11-01 04:30:00,Cycling,,18.00,38:00,2:07,28.42,677.0,0,,"","Goed. Wind mee. Gefietst op Bulls Harrier 1.",
5b7c564c-3878-498e-a038-fa0808b3c945,2019-10-31 16:05:00,Running,,17.10,1:23:39,4:54,12.27,1394.0,0,,"","Goed. Achillespezen zaten te lopen te zeuren, beetje zware benen van de rest van de week, verder kon ik prima vermogen leveren. 10K paced alternatations, 5 x 1 km in tempo 3:40 a 3:50 met 1 km herstel. Gelopen op Hoka Tracer. Graad of 8, gure oostenwind schuin tegen.",
64c65262-bdcc-4780-bf6d-95b4729f0ebd,2019-10-31 06:26:00,Cycling,,18.00,38:00,2:07,28.42,677.0,0,,"","Goed. Twee graden boven nul en helder. Beany onder de helm en fleece Buff bij wijze van sjaal. Verder nog drie lagen op de romp en tight over de langste fietsbroek. Gefietst op Bulls Harrier 1.",
aa7a63ec-13f0-417e-92c2-2d8ac1668440,2019-10-30 10:35:00,Running,,8.00,44:01,5:30,10.90,641.0,0,,"","Goed. Zware benen. Gelopen op New Balance M490.",
d28b9b71-7e11-4dc9-a6cb-149c7741b828,2019-10-30 08:12:00,Cycling,,25.00,1:15:00,3:00,20.00,818.0,0,,"","Optelsom van alle stukjes gedurende de dag",
9dbacbb0-7ff5-407e-8c90-7c43c2188128,2019-10-29 16:35:00,Cycling,,18.00,43:00,2:23,25.12,647.0,0,,"","Matig. Tegenwind en geen energie! Gefietst op Bulls Harrier 1.",
ae22481f-8504-4115-af6b-f6be0bda0539,2019-10-29 05:35:00,Running,"* Yp - Loev, via vlietlanden",16.93,1:42:14,6:02,9.94,1317.0,28,,"","Redelijk. Lange warmingup, rustig gelopen in een forevertempo, de benen vonden dit prima, dus nagenoeg hersteld van gister. Op Hoka Arahi 2.",2019-10-29-053500.gpx
d4870916-3a53-4407-ad75-c359dcec824f,2019-10-28 15:55:00,Running,,19.81,1:27:09,4:24,13.64,1585.0,0,,"","Redelijk. Stijve achillespezen maar mentaal sterk,werdt niet erger na km of 14. Iets te snel geopend in 4:13, daarna ging het vanzelf naar het doel van 4:25 (~MP+5%). 10 km in 44:30 daarna iets sneller. Eerste waterpunt in 55:55, tweede in 64:30. Gelopen op Hoka Napali. Beetje tegenwind kracht 2.",
19e4fa0d-5bcb-4f55-a48f-fb27199d3ad1,2019-10-28 06:15:00,Cycling,"* Yp - Loev, kortste weg",16.31,37:00,2:16,26.46,423.0,29,,"","Goed. Gefietst op Bulls Harrier 1.",2019-10-28-061500.gpx
1d2967ff-eea3-4ae6-aacd-a0119eaebe5b,2019-10-27 08:30:00,Running,,1.80,9:46,5:26,11.06,144.0,0,,"","Goed. Beetje uitlopen. Op Hoka Arahi 2.",
0b916078-124e-49ce-9941-8580a0866350,2019-10-27 06:45:00,Running,"10 miles ruige kade",16.20,1:18:56,4:52,12.32,1221.0,17,,"","Redelijk tot Goed. Na 12 km wat stijve heupen en liezen. Verder prima op tempo. Eerste 10km wind mee daarna tegen. Gelopen op Hoka Arahi 2.",2019-10-27-064500.gpx
5a7a122d-3245-454e-b285-990e9ec0fa93,2019-10-25 10:15:00,Running,,3.00,16:30,5:30,10.91,240.0,0,,"","Goed. Stukje uitlopen. Op Zante 2.",
9c35363e-24fc-4834-a7a0-5b5a00903cb2,2019-10-25 08:50:00,Running,"Rondje Hoogmade",11.89,48:39,4:05,14.67,885.0,7,,"","Goed tot Lekker. Tempoduurloop in strength pace. Gelopen op Zante 2. km 11 in 3:50. Heen wind mee en terugweg veel wind tegen. Beetje regen.",2019-10-25-085000.gpx
00dafe03-c700-4aaf-ad52-485554729219,2019-10-23 08:45:28,Running,,8.75,40:00,4:34,13.12,679.0,0,,"","Goed. Heuvelfartlek, lange steile meuk rond Acropolis. Gelopen op Hoka Napali. ",
4060d2c5-8caf-42dc-9ff9-706110f79b02,2019-10-21 08:30:36,Running,,6.75,31:00,4:36,13.06,525.0,0,,"","Lekker. Dwars door phillopousis park in Athene. Veel heuvels gepakt. Gelopen op Hoka Napali. Graad of 20.",
53fc307b-186b-4985-8863-e55be4c7f51d,2019-10-18 17:22:00,Cycling,,18.00,35:00,1:57,30.86,697.0,0,,"","Goed. Gefietst op Bulls Harrier 1. Wind 5 mee.",
118c68da-89e9-4ec5-99e1-d4e300553793,2019-10-18 05:30:00,Running,,8.90,49:33,5:34,10.78,715.0,0,,"","Redelijk. Zware quads, vooral links. Gelopen op Hoka Arahi 2.",
a7bf6515-d85a-4df0-925f-9710e8f3f859,2019-10-17 16:15:00,Running,"* Yp - Loev, via vlietlanden",17.03,1:11:33,4:12,14.28,1299.0,29,,"","Goed tot Lekker. MP-A (4:10) temporun, na 2 km in 8:22, iets verzwakt en tijdje op tempo 4:15-4:18 gelopen. 10 km in 42:35 daarna steeds iets sneller. 54 min bij pomp 1, 62 bij pomp 2. Laatste 4 km rond de 4 min/km. Gelopen op Hoka Tracer. Klein windje mee, graad of 15.",2019-10-17-161500.gpx
80801aac-bbaa-4883-9911-6e16dd46500c,2019-10-17 06:35:00,Cycling,"Yp - Loev, via Spoorlaan",17.61,40:00,2:16,26.42,437.0,22,,"","Goed. KM of 8 achter een snelle Barry aangefietst, ondanks de tegenwind gingen we op dat stuk 30. Gefietst op Bulls Harrier 1.",2019-10-17-063500.gpx
c2769cf0-7361-4d61-ae88-aab4137555d6,2019-10-16 10:50:00,Running,,12.95,1:06:44,5:09,11.64,1038.0,0,,"","Goed. Benen zijn weer redelijk vol, gisteravond heel erg leeg. Rondje Hoogmade andersom via de Santhorst. Veel wind tegen op de Ruige Kade. Gelopen op Zante 2.",
75b25ef6-acae-4c6e-a8e1-e41d13d822a5,2019-10-15 16:33:00,Cycling,,18.00,39:00,2:10,27.69,671.0,0,,"","Goed. Gefietst op Bulls Harrier 1.",
04286e6c-2582-4ef3-ab7f-f7a6016e61f4,2019-10-15 05:41:00,Running,"* Yp - Loev, via vlietlanden",16.93,1:38:39,5:50,10.30,1313.0,28,,"","Redelijk. Laatste 5 km hele zware benen en heupen. Gelopen op Hoka Napali. Graad of 15, wind tegen.",2019-10-15-054100.gpx
933a3ce7-ab8d-4412-92ac-5d7693aca1d5,2019-10-14 15:50:00,Running,,20.85,1:33:10,4:28,13.43,1681.0,0,,"","Goed. Benen waren niet helemal vol, maar konden toch prima in een vlak tempo tegen de windkracht 3 inbeuken. 10 km in 45 min. 65 minuten bij pomp 2. Laatste 5 km iets versneld. Gelopen op Hoka Arahi 2.",
823199d5-b731-42eb-9bb7-f14769ad2dc3,2019-10-14 06:18:55,Cycling,,18.16,38:56,2:09,27.99,471.0,142,134,"","",2019-10-14-061855.gpx
daeba499-f942-4365-a5c4-75c0c5d35532,2019-10-13 08:20:00,Running,,15.00,1:13:59,4:56,12.16,1221.0,0,,"","Goed. Benen waren nog een beetje zwaar. Rondje tweede slag, door de duinen en over het strand via A.J.Bootpad terug naar de Middelweg. Gelopen op Clifon 2 (2). Perfect loopweer.",
73047e52-8531-48aa-87b1-18cabab8b098,2019-10-12 08:30:00,Running,,5.50,30:00,5:27,11.00,440.0,0,,"","Goed. Rustig uitlopen op Hoka Clifton 2 (2). In Oostvoorne en Rockanje.",
2f4daa73-c08d-4ac8-927a-ac31bdb933d1,2019-10-11 13:25:15,Running,,16.90,1:12:21,4:17,14.02,1280.0,0,,"","Goed. Gister krachttraining, dus nu 70% benen. Zwaar om dan alternations te doen. Begonnen met 8 km in MP+4%. Daarna steeds 1km in MP-4% en 1km in MP+4%. Gelopen op Hoka Napali. Wind 5 mee. ",
c2dc9341-82ed-4805-856a-28840abc9208,2019-10-10 06:10:00,Running,,1.00,4:00,4:00,15.00,79.0,0,,"","Goed. Enkel wat minder gezwollen na insectensteek op maandagavond. Gelopen op Adidas.",
59acad3d-5715-4fce-ab30-32b01a189194,2019-10-09 11:05:47,Cycling,,0.00,39:37,,,527.0,0,145,"","",
4069de1b-0b8a-4761-abb7-c78eabc6058f,2019-10-09 08:10:00,Cycling,,39.20,2:00:00,3:04,19.60,1270.0,0,,"","Goed. Optelsom van alle stukjes tussen huis, Guus, de bloemerd, de winkelhof, roomburg en de Elkerlyc.",
77fc7120-9577-495e-9ac6-a5ef6c414530,2019-10-08 05:50:00,Running,"* Yp - Loev, kortste weg",16.31,1:32:46,5:41,10.55,1262.0,29,,"","Redelijk tot Goed. Benen zijn ok, maar na 10km komt de vermoeidheid in de quads. Op Hoka Arahi 2.",2019-10-08-055000.gpx
8323a1b8-c398-42ef-94f5-30fd5cb22daa,2019-10-07 16:02:00,Running,,19.81,1:27:11,4:24,13.63,1586.0,0,,"","Goed. Prima benen, net wat te snel gestart in tempo 4:15. Bewust van 4 km tot 6km wat ingehouden en vlak verdergelopen. Doel was weer 4:25 (~MP+5%) 10 km in 43:30. waterpunt 2 in 64 min. Gelopen op Hoka Tracer.",
7537b82f-04cc-478c-85ac-5f528e3ab00b,2019-10-07 09:10:00,Cycling,"* Yp - Loev, kortste weg",16.31,34:00,2:05,28.79,429.0,29,,"","Lekker. Prima benen, weinig wind en droog. Gefietst op Bulls Harrier 1.",2019-10-07-091000.gpx
ba81c54a-0f01-43f6-9101-f21598d8624d,2019-10-06 08:05:00,Running,,15.96,1:19:25,4:59,12.05,1241.0,17,,"","Goed tot Lekker. Voor mijn gevoel liep het harder, was best wat wind. Eerste 2.5 km naar Roomburg gingen erg snel doordat ik met Nora's fiets mee rende. Gelopen op Hoka Arahi 2.",2019-10-06-080500.gpx
e8cab216-c1c0-45de-bd37-eb05103b2b9a,2019-10-05 11:30:20,Running,,5.50,29:36,5:23,11.15,418.0,0,,"","Goed. Shake-out run. Hoka Napali 2.",
4f652158-6cc1-43e4-b7e7-db8357d3dd0e,2019-10-04 15:55:00,Running,"* Yp - Loev, via vlietlanden",17.01,1:11:08,4:11,14.35,1297.0,28,,"","Goed. Zware benen, maar flink doorheen gebeukt, en vlak gelopen. Doel was MP, dat is gelukt. Klein beetje verzwakt in het midden anders was het tempo 4:08 of 09 geworden. 6km in 25 min, 10 km in 41:30. Tweede kraantje in 61 min. Gelopen op Hoka Napali. Zijwind en soms wat regen.",2019-10-04-155500.gpx
a7692617-d627-484b-8e84-d3add982d671,2019-10-04 06:04:00,Running,,1.00,4:20,4:20,13.85,80.0,0,,"","Goed. Met het OV. gelopen op Hoka Napali.",
ab29f82c-1831-4b6d-a2b4-2bb2aa091aae,2019-10-03 16:05:28,Cycling,,18.00,0:41,0:02,1580.49,14.0,0,,"","Goed. Hard gefietst, zijwind. Bulls Harrier 1.",
0ee41114-21c1-4bf3-b8cf-4b43a2f95298,2019-10-03 06:23:00,Cycling,,18.00,45:00,2:30,24.00,636.0,0,,"","Goed gefietst op Bulls Harrier 1. Regen en wind tegen.",
6f26d2e3-118a-4709-acd8-3c9f46186543,2019-10-02 09:10:00,Running,,8.50,47:00,5:32,10.85,682.0,0,,"","Redelijk. Best zware benen nog. Gelopen op New Balance M490.",
205c5097-229b-43dc-b79b-56f0a8583641,2019-10-02 08:20:00,Cycling,,20.00,1:00:00,3:00,20.00,655.0,0,,"","Goed. Optelsom van alle stukjes van vandaag bij elkaar.",
ed1330bd-c9bf-4c9e-b319-a4628a6d0f9a,2019-10-01 05:50:00,Running,"* Yp - Loev, via vlietlanden",16.93,1:39:17,5:52,10.23,1313.0,28,,"","Redelijk. Zware quads, typische herstelloop. Op Hoka Clifton 4. Wind 3 tegen. Af en toe regen.",2019-10-01-055000.gpx
a37d9fcc-0e55-4dac-be49-4462482fa3c0,2019-09-30 16:00:00,Running,,19.81,1:27:47,4:26,13.54,1591.0,0,,"","Goed. Beetje zware benen maar prima vol te houden. Prima tempo 4:25 (~MP+5%) 10 km in 43:43. waterpunt1 in 55, waterpunt 2 in 64 min. Gelopen op Hoka Napali. Graad of 15, zijwind.",
b1ca8539-cac3-4cd3-b3f7-ca203d104a75,2019-09-30 06:26:00,Cycling,,17.50,42:00,2:24,25.00,628.0,0,,"","Goed. Veel regen en wind 6. Gefietst op Bulls Harrier 1.",
fd5722bf-b4ed-4082-ad10-9075f68cd0af,2019-09-29 11:30:00,Swimming,,0.75,16:00,21:20,2.81,162.0,0,,"","Goed. Beetje te druk in het zwembad. Bandje van de zwembril brak.",
cb8ae86b-613f-4627-a2ca-ecb41b82c86f,2019-09-29 08:32:00,Running,"10 miles ruige kade",16.20,1:25:10,5:15,11.41,1222.0,17,,"","Goed. Rustig rondje, veel tegenwind en regen. Gelopen op Hoka Arahi 2.",2019-09-29-083200.gpx
57892c8d-c464-4e48-899c-156c174fb64d,2019-09-28 10:40:00,Running,,14.80,1:13:10,4:57,12.14,1204.0,0,,"","Goed. Rustige duurtraining. Eerst 25 rondjes in 43:30, ongeveer tempo 4:45, daarna 2 mijl net wat sneller dan MP, eerste in 6:43 (4:11), tweede in 6:32 (4:05). Gelopen op Hoka Clifton 2 (2). Best wat wind.",
f9fd8b5b-30b3-46e2-b3e6-8c7a47ea88f3,2019-09-28 10:10:00,Cycling,,16.00,48:00,3:00,20.00,524.0,0,,"","Goed. Totaal van alle stukjes vandaag.",
d60332fa-89c2-466b-be38-b38aa039a872,2019-09-27 16:22:00,Cycling,,17.40,32:00,1:50,32.62,669.0,0,,"","Lekker. Wind 5 mee, dus veel rond de 35 gefietst, soms boven de 40, af en toe 45. Op Bulls Harrier 1. Nieuwe Schwalbe Marathon One voorband houdt het goed uit.",
7783cdc4-92e4-4c60-ac32-b9aecd7ca352,2019-09-27 05:48:00,Running,"* Yp - Loev, via vlietlanden",16.93,1:36:08,5:41,10.57,1309.0,28,,"","Goed tot Lekker. Rechterhiel prima opgeknapt, nog licht pijnlijk. Verder prima benen, tempo relaxed. Gelopen op Hoka Napali. Regen en wind 3 tegen.",2019-09-27-054800.gpx
1da9e106-f521-4af7-bc77-43aa0dc4f514,2019-09-26 15:15:00,Running,,4.00,21:10,5:18,11.34,318.0,0,,"","Redelijk. Recovery in de regen. Gelopen op Hoka Arahi 2.",
2eec2045-ca76-495c-bcb6-ba5f6a36b104,2019-09-26 06:23:00,Cycling,"* Yp - Loev via Megaheuvel",16.95,46:12,2:44,22.01,408.0,18,,"","Goed. Niet al te hard gefietst. Regen en wind. Gefietst op Bulls Harrier 1.",2019-09-26-062300.gpx
80cedf9c-8f6a-4d6b-8fcc-23795a912e30,2019-09-25 11:15:00,Running,,10.00,45:01,4:30,13.33,809.0,0,,"","Goed. Zere rechterhiel maar beetje genegeerd, slim? geen idee... Fartlek met 5 x 200 meter heuvesprints omhoog en omlaag en een tiental 1 a 2 minuten in 1MP tot 10KP. Gelopen op Nike Zoom Streak 6.",
64e62f31-2813-4d87-ac2d-af62ae80c91e,2019-09-25 08:20:00,Cycling,,19.00,57:00,3:00,20.00,622.0,0,,"","Goed. Optelsom van alle stukjes vandaag. Gereden op Batavus Weekend.",
7023ead4-8785-4bf5-961e-24337a4f68d6,2019-09-24 16:06:54,Cycling,,16.75,37:00,2:13,27.16,590.0,0,,"","Goed. Op Bulls Harrier 1",
162f6018-2d2b-4997-8ca1-8e157ebc8d07,2019-09-24 05:45:00,Running,,8.50,45:43,5:23,11.16,678.0,0,,"","Redelijk. Iets te veel hooi op de vork genomen, bedoeling was een volledige 17 km, maar een herstelloopje van max 10 was nodig, benen waren flink leeg, de energie was laag en en de rechterhiel kapot. Bij Voorschoten de trein gepakt. Gelopen op Hoka Arahi 2.",
489caa02-f1c4-4554-ab7c-f51c64a918c8,2019-09-23 16:05:00,Running,"* Yp - Loev, via vlietlanden",19.81,1:26:50,4:23,13.69,1518.0,29,,"","Goed tot Lekker. Nog wat vermoeide quads en onderbenen, maar de heupen draaiden prima t/m het 10 km punt in 43:30. Goed te doen om tempo te houden. Gelopen op Hoka Tracer. Grotendeels wind 4 mee.",2019-09-23-160500.gpx
daff773c-03c5-4f19-949a-72fa85aab26c,2019-09-23 09:25:00,Cycling,"* Yp - Loev, kortste weg",16.31,35:33,2:11,27.53,426.0,29,,"","Goed. Ondanks de tegewind tot steeds rond de 30 per uur gefietsts. Op Bulls Harrier 1.",2019-09-23-092500.gpx
d80c7ed7-1533-4b36-b580-c4ee25761eee,2019-09-23 08:18:00,Cycling,,5.00,15:00,3:00,20.00,164.0,0,,"","",
8d531409-b9c3-421f-9fc6-8002bf7ec6a6,2019-09-22 14:30:00,Cycling,,15.00,31:00,2:04,29.03,569.0,0,,"","Goed. Gereden op Bulls Harrier 1.",
7ba6ab57-e814-4551-a28a-42bb9c4af2a5,2019-09-22 09:22:00,Running,"10 miles ruige kade",16.20,1:13:16,4:31,13.27,1232.0,17,,"","Lekker. Ging heel makkelijk, precies in het goede tempo. Hartslag gelijk na aankomst was 125. Na 10 minuten bij het begin van de ruige kade, na 21:40 bij de doespolderwatering (de rechtsaf in de Ruige kade). Gelopen op Zante 2. Graad of 15, volop zon en windkracht 3 uit het zuiden.",2019-09-22-092200.gpx
641450f3-5d76-4d3b-b1ba-6b19cd04a712,2019-09-21 11:48:00,Cycling,,16.00,35:10,2:12,27.30,593.0,0,,"","Gefietst op Bulls Harrier 1.",
9ce2050b-ed2a-469b-89f7-4fd160eb566f,2019-09-20 15:55:00,Running,,17.20,1:20:47,4:42,12.77,1413.0,0,,"","Goed. Viel niet tegen voor de eerste dubbel sinds lange tijd. Begonnen in tempo 4:45 en dat redelijk vastgehouden. 10 km in 46:50. Gelopen op Hoka Napali. Wind tegen. Graad of 19 en zon.",
7438df1e-8fa8-40f1-bc23-953a75591550,2019-09-20 06:02:00,Running,"* Yp - Loev, via vlietlanden",16.93,1:30:40,5:21,11.21,1295.0,28,,"","Goed. Gister matige benen, maar na een massage en 7 uur slaap waren de benen weer fris. Gelopen op Hoka Napali.",2019-09-20-060200.gpx
7a95f044-bdd9-41d4-a0f6-c36b42a28d24,2019-09-19 15:38:37,Running,,4.00,24:14,6:04,9.90,309.0,0,,"","Redelijk. Flink stijf, rechterscheen bokt. Gelopen op Arahi 2. ",
1fa2cd20-0051-4a6e-9ba4-110195a6599e,2019-09-19 10:20:26,Running,,4.00,18:30,4:38,12.97,312.0,0,,"","Goed. Uitlopen. Op Arahi 2 ",
e8271f8d-45e6-4e7e-8099-aa8c7d0013c9,2019-09-18 10:45:00,Running,,10.60,50:15,4:44,12.66,869.0,0,,"","Goed tot Lekker. Zware benen maar ze gingen wel. 4 x 1 km progressief in 10KP tot voorbij 5KP. 90 seconden herstel. Splits waren. 3:38, 3:33, 3:30 en 3:28. Gelopen op Nike Zoom Streak 6.",
efed70e2-bb5a-4609-9e5e-fcaba337000a,2019-09-17 16:23:00,Cycling,,21.00,46:20,2:12,27.19,777.0,0,,"","Goed. Wind 5 tegen, maar dankzij een superfitte geezer flink meegetrapt. Gefietst op Bulls Harrier 1.",
ad9f9f75-0e1a-4bf8-9584-09c5ba8e8b2c,2019-09-17 05:45:00,Running,"* Yp - Loev, via vlietlanden",16.93,1:36:26,5:42,10.54,1310.0,28,,"","Goed. Prima benen, pas laatste paar km wat stijf, goed hersteld dus. Gelopen op Napali. Graad of 13 en droog.",2019-09-17-054500.gpx
3581d45c-1dc2-466d-8e1f-7241a6c493ae,2019-09-16 16:03:00,Running,,17.62,1:16:09,4:19,13.88,1402.0,0,,"","Lekker. Goeie benen. Ging soepel met 5 km in 21:45 en 10 km in 43:35. Daarna zaten er wat snellere stukken in. Iets te snel gelopen, doel was tussen 5% en 10% langzamer dan MP (4:10, dus 4:25 en 4:35), volgende keer wat verder en 2 a 3% langzamer. Gelopen op Hoka Tracer (net gepatched).",
6f55d5ca-c3ea-4866-9a94-4ee5edab5695,2019-09-16 05:48:00,Cycling,"* Yp - Loev, kortste weg",16.31,37:00,2:16,26.46,423.0,29,,"","Goed. Maar 1 keer hoeven uitklikken. Het was vroeg, het regende een klein beetje, bijna geen wind. Gefietst op Bulls Harrier 1.",2019-09-16-054800.gpx
85d4951b-701f-497a-9173-f1e4d0ca397d,2019-09-15 08:30:00,Running,,13.00,1:02:46,4:50,12.43,1062.0,0,,"","Goed. Benen zijn weer bijna fris. Gelopen op Hoka Arahi 2.",
cdb2c95a-6323-416b-9f8d-40421a7b3a00,2019-09-14 14:30:00,Running,,4.50,26:25,5:52,10.22,364.0,0,,"","Goed. Trainen met Abby. Op Zante 2.",
a1348c73-f071-4ccd-be7d-04d570ad06e6,2019-09-14 08:24:00,Running,,6.00,30:16,5:03,11.89,485.0,0,,"","Goed. Loslopen en 3 lange strides over 400 meter plus 2 lange strides heuvelop. Gelopen op Zante 2. Graad of 11, volop zon.",
247b3523-ab7f-42f7-9353-c4542f6da585,2019-09-13 16:20:00,Cycling,,22.00,51:00,2:19,25.88,798.0,0,,"","Goed. Grotendeels wind tegen. Gereden op Bulls Harrier 1.",
9618b9cb-9435-40e2-8196-5f0bc1c9653c,2019-09-13 05:57:00,Running,"* Yp - Loev, via vlietlanden",16.93,1:36:36,5:42,10.52,1310.0,28,,"","Redelijk tot Goed. Duidelijke hersteltraining. Gelopen op Hoka Arahi 2. Regen en 18 graden.",2019-09-13-055700.gpx
4b8b082a-457d-47d0-b298-f3f6567b3e7a,2019-09-12 16:03:00,Running,"* Yp - Loev, via vlietlanden",16.93,1:14:07,4:23,13.71,1298.0,28,,"","Goed. Medium zware benen, dat werd na 8 km lastig om tempo te houden, goed volgehouden op karakter. De afstand versus tempo wordt steeds makkelijker. Gelopen op Hoka Napali. 20 graden, wind mee.",2019-09-12-160300.gpx
3fdb9352-dd88-4ad0-ac30-4f6ff0982360,2019-09-12 06:16:00,Cycling,"* Yp - Loev, kortste weg",16.31,37:30,2:18,26.10,422.0,29,,"","Goed. Rustig gefietst, paar kleine stukken aangezet. Op Bulls Harrier 1.",2019-09-12-061600.gpx
e464b30b-2f66-42e6-9b2a-13ab8425d961,2019-09-11 10:00:00,Running,"Rondje Hoogmade",11.89,54:25,4:35,13.11,906.0,7,,"","Goed tot Lekker. Spanning op de benen. Cruise intervallen, 5 x 6 min in 10KP tot 16KP met 2 min herstel. Regen en wind. Gelopen op Nike Zoom Streak 6.",2019-09-11-100000.gpx
7fadd110-dad4-4ab5-b6ee-9bf275afdd92,2019-09-10 16:25:00,Cycling,,17.50,35:00,2:00,30.00,671.0,0,,"","Lekker. Gefietst op Bulls Harrier 1. Beetje wind mee.",
69cd1903-71a2-4183-b02d-2eff80d4117f,2019-09-10 05:52:00,Running,"* Yp - Loev, via vlietlanden",16.93,1:36:58,5:44,10.48,1310.0,28,,"","Goed. Herstelduurloop. Hartslag 120-130. Gelopen op Hoka Napali. Graad of 8, geen wind.",2019-09-10-055200.gpx
d1819e7a-9335-44f6-88c4-b172d570a382,2019-09-09 16:03:11,Running,,16.95,1:14:29,4:24,13.65,1291.0,0,,"","Lekker. Na drie km ging het soepel. Steeds enkele seconden per km voor op schema 4:30. Gelopen op Hoka Tracer. ",
fd645ead-d423-4ca9-92d8-d37c6feaa01e,2019-09-09 06:25:00,Cycling,"* Yp - Loev, kortste weg",16.31,35:00,2:09,27.97,427.0,29,,"","Goed. Wind 1 tegen. Gefietst op Bulls Harrier 1.",2019-09-09-062500.gpx
0c794981-4549-4f92-90f0-70109130ee27,2019-09-08 08:45:00,Running,"Rondje Hoogmade",11.89,1:04:56,5:28,10.99,910.0,7,,"","Redelijk. Stijve rechterhiel na sprinttraining. Gelopen op Zante. Graad of 12, beetje regen, geen wind.",2019-09-08-084500.gpx
1fa8e33b-2145-4baf-936a-4f5fab3b563f,2019-09-07 13:00:00,Cycling,,15.00,45:00,3:00,20.00,491.0,0,,"","",
223d2fb1-8b44-40c4-ab64-bdf983515d66,2019-09-07 10:40:00,Running,,4.80,24:12,5:03,11.90,388.0,0,,"","Lekker. Beentjes waren zwaar van de week. Goeie korte baantraining, 400 en 200 meters. Eerst 1 x 400 in 84 (~5KP), daarna 3 x 200 in 35, 33, 33. Toen nog een 400 in 70 seconden. Gelopen op Nike Zoom Streak 6. Medium wind.",
bbddb016-ef13-4ff9-9232-6b68fc88e0e2,2019-09-06 16:09:00,Cycling,,27.00,59:00,2:11,27.46,1003.0,0,,"","Goed. Soms flink wind mee, 45 km per uur gehaald, laatste stuk wind tegen, toch 30 gereden. Op Bulls Harrier 1.",
fec11ad2-9336-4a63-be1d-9edca701cea4,2019-09-06 06:10:00,Running,"* Yp - Loev, via vlietlanden",16.93,1:37:31,5:46,10.42,1311.0,28,,"","Goed, herstelduurloop. 180 pasfrequentie en hartslag 120 tot soms 130. Na 10 km waren de benen wel wat leeg. Gelopen op Hoka Napali (net gepatched). Wind tegen, graad of 12.",2019-09-06-061000.gpx
e5762457-69e8-4a20-93f6-e82546317116,2019-09-05 16:00:00,Running,"* Yp - Loev, via vlietlanden",16.93,1:16:06,4:30,13.35,1314.0,28,,"","Lekker. Prima benen, fietsen lijkt niet in de weg te zitten, integendeel, hamstrings lijken sterker en soepeler en quads voelen prima. Gelopen op Hoka Arahi 2 (net gepatched). Rare draaiwind, meest tegen. 16 graden.",2019-09-05-160000.gpx
a0f5a75f-9b3c-4a51-a749-64bb992d5ea8,2019-09-05 06:19:00,Cycling,,17.80,44:00,2:28,24.27,632.0,0,,"","Goed. Via de Westvlietlaan/spoorweg. Gefietst op Bulls Harrier 1. Het was regenachtig, met wind tegen.",
353cd85e-5a71-466e-8d85-49218129e601,2019-09-04 08:13:00,Running,,10.70,52:00,4:52,12.35,873.0,0,,"","Goed. Benen voelden zwaar aan. Opstaptraining nr 2. 4 x 1 km met 2 km herstel. Ging alweer beter. Splits waren 3:38, 3:33, 3:33 en 3:42. Gelopen op Saucony Type A8.",
ff1a255a-4193-472b-ac1e-9a740bc587e6,2019-09-03 16:36:00,Cycling,,20.81,43:40,2:06,28.60,510.0,26,,"","Lekker. Klein windje mee. Op Bulls Harrier 1.",2019-09-03-163600.gpx
52b42aba-270e-4e24-aa23-318b057754fe,2019-09-03 06:03:00,Running,"* Yp - Loev, via vlietlanden",16.93,1:33:41,5:32,10.84,1304.0,28,,"","Redelijk. Best stijf. Gelopen op Hoka Clifton 4. Wind tegen.",2019-09-03-060300.gpx
edeaa3e5-8592-4795-bf4b-6f2d7577a6ba,2019-09-02 16:00:00,Running,"* Yp - Loev, via vlietlanden",16.93,1:16:27,4:31,13.29,1317.0,28,,"","Goed tot Lekker. Soepele benen. Gelopen op Hoka Napali. Klein windje mee. Graad of 20. Zon.",2019-09-02-160000.gpx
d71fcf3f-6cb5-412d-a00a-61f9604a3cac,2019-09-02 08:25:00,Cycling,,17.50,37:30,2:09,28.00,655.0,0,,"","Goed. Gemiddelde snelheid rond de 30. Bebouwde kom drukt de totale gemiddelde snelheid wat. Piek was 36. Lichte tegenwind, graad of 17. Gefietst op  de Bulls Harrier 1.",
6d12940b-47c3-448e-93d5-0b66a8ec938f,2019-09-01 08:30:00,Running,,7.57,44:41,5:54,10.16,586.0,8,,"","Goed. Hersteltempo, rondje munnikenpolder. Beentjes voelen goed. Begon met een brakke rechterhiel, maar kwam op gang. Gelopen op Hoka Clifton 4.",2019-09-01-083000.gpx
817fa43b-7870-4dbb-b822-ad69e249d345,2019-08-31 10:38:00,Running,,6.00,27:23,4:34,13.15,489.0,0,,"","Goed. Eerste Baantraining van het seizoen. 5 x 200 steeds iets sneller. 36, 35, 33, 33, 32. Gelopen op Nike Zoom Streak 6. 22 graden volop zon. Klein windje.",
58714df6-c292-4c7c-bff7-85db78e25cdf,2019-08-30 16:02:00,Running,,15.30,1:08:01,4:27,13.50,1231.0,0,,"","Goed tot Lekker. Prima benen. Gelopen op Napali.",
3b77761c-39db-415b-9d59-fc21d4d558d1,2019-08-30 06:28:00,Running,"Loev naar Leiden Centaal",4.00,21:00,5:15,11.43,307.0,9,,"","Goed tot Lekker. Zit weer wat power in de benen. Gelopen op Hoka Napali.",2019-08-30-062800.gpx
9beed228-0df3-4e50-9786-24b5ff0ced12,2019-08-28 14:00:00,Running,,9.20,42:10,4:35,13.09,751.0,0,,"","Redelijk tot Goed. Opstaptraining naar fatsoenlijke intervallen. 4 x 1 km met 2 min rust. Benen waren wat zwaar, het was 25 graden en benauwd en ik had niet de allersnelste schoenen aan. Splits waren dan ook nog niet op niveau. 3:47, 3:44, 3:49 en 3:45. Gelopen op Hoka Napali.",
86088ffc-8936-4dbd-ae5d-8de88fee8585,2019-08-28 10:00:00,Cycling,,12.00,36:00,3:00,20.00,393.0,0,,"","",
21926b0b-d72d-4807-bcc9-537c37bcca43,2019-08-27 15:10:00,Running,"Rondje Hoogmade",11.89,1:00:22,5:05,11.82,908.0,7,,"","Goed. Rustig aan, 31 graden, 830 ml sportdrank, hartslag max 165. Gelopen op Zante.",2019-08-27-151000.gpx
10155a2f-e4a7-4645-b96d-3db701054e17,2019-08-26 16:40:11,Running,,4.75,24:04,5:04,11.84,365.0,0,,"","Goed. Kalm aan, het was 30 graden. Gelopen op Hoka Napali. ",
f50f41a7-504b-4beb-ad6d-a5db76ece38f,2019-08-26 05:50:00,Running,,17.62,1:33:53,5:20,11.26,1402.0,0,,"","Redelijk tot Goed. Het was alweer 17 tot 19 graden. Gelopen op Hoka Napali. Omleiding via Rijnvreugdbrug vanwege werkzaamheden Stierenbrug.",
da6ee646-919c-4202-b7ee-f9c2a17085cd,2019-08-25 13:40:43,Swimming,,1.00,20:01,20:01,3.00,213.0,0,,"","Goed, redelijk relaxed gezwommen, zat goed in de energie. ",
c2c45f9e-88d2-44bd-a3ed-40991507943a,2019-08-25 09:10:00,Running,"Rondje Hoogmade",11.89,54:03,4:33,13.20,905.0,7,,"","Redelijk. Stijve rechterham, nog steeds. Gelopen op Nike Zoom Streak 6.",2019-08-25-091000.gpx
eb129238-3041-42a9-9c0e-a1e30de2ff21,2019-08-24 08:10:00,Running,,6.00,29:41,4:57,12.13,488.0,0,,"","Redelijk. Beetje stijf. Gelopen op Saucony Type A8. Langs de begraafplaats de polder in. Het was 26 graden.",
938a6ca9-53db-401c-be8d-ed6ec348997b,2019-08-23 16:00:00,Running,,8.90,46:11,5:11,11.56,712.0,0,,"","Goed. Nog wat stijve rechterham, verder prima. Gelopen op Zante 2. Graad of 24, en zon.",
7344696e-cde8-448e-93fd-6f19d0d5e962,2019-08-23 06:38:00,Running,"Loev naar Leiden Centaal",4.00,20:36,5:09,11.65,309.0,9,,"","Goed. Rechterham is wat stijf. Gelopen op Zante 2.",2019-08-23-063800.gpx
1ac3635d-73a0-400e-90bc-d24ad88a84b7,2019-08-22 06:05:00,Running,,2.00,10:01,5:01,11.98,162.0,0,,"","Redelijk. Erg stijf. Gelopen op Clifton 4.",
48a29352-d844-45d2-97e8-b94ff4a66fc4,2019-08-22 04:35:00,Running,,8.35,43:15,5:11,11.58,668.0,0,,"","Goed. Rustig aan vanaf Voorschoten via Laan de Goede herder vanwege de afgesloten stierenbrug. Gelopen op Clifton 4.",
c24d1d68-7528-4650-a617-97610c5f288a,2019-08-21 19:30:44,Running,,7.20,43:02,5:59,10.04,555.0,0,,"","Redelijk. Net na het eten, samen met Abby. Gelopen op Clifton 4. ",
20eb7921-bff9-4513-94c5-9182725f0c09,2019-08-19 16:00:00,Running,,17.62,1:15:31,4:17,14.00,1401.0,0,,"","Goed. Begon Lekker, maar eindigde Matig. Test over 17.1 km in tempo 4:30. Na 13 km gingen de benen op zwaar. Daarvoor steeds per km een aantal seconden gepakt. 10 km in 44 min. Gelopen op Hoka Napali. Wind 4 mee.",
63fc19a5-05f5-4756-85e1-f43e99227e6f,2019-08-19 04:02:00,Running,,4.40,19:49,4:30,13.32,356.0,0,,"","Goed. Flink doorgelopen. Op Hoka Napali.",
8a772ac8-5b7c-45dd-bae6-921f57f489ed,2019-08-18 08:55:04,Running,,6.00,29:13,4:52,12.32,466.0,0,,"","Goed tot Lekker. Sterke benen. Rustige heuvelloop, soms 10%, met aan het eind downhill sprint van 200 meter. Veltem-beissem, linksaf over de steile brug en dan rechtdoor. Gelopen op Hoka Tracer. Quechua basic 8 euro Regenjack is prima.",
55c2f7ea-4f44-4008-9069-eb6435753365,2019-08-16 16:50:12,Running,,4.00,17:04,4:16,14.06,303.0,0,,"","Goed. Beetje spierpijn nog. Gelopen op Hoka Arahi 2. Wind tegen. ",
d360dea2-4780-4ff3-ac89-b81f53139ec3,2019-08-16 06:03:00,Running,,1.90,8:30,4:28,13.41,153.0,0,,"","Goed. Beetje spierpijn van krachtsessie op donderdag. Gelopen op Hoka Arahi 2. Lekker weer.",
c52dc9b5-efdd-45d8-aaaf-c86217df63dc,2019-08-15 17:00:00,Running,,1.50,7:35,5:03,11.87,121.0,0,,"","Goed. Gelopen op Clifton 2 (2). Vanmorgen om 11 uur krachtraining gedaan. 7-way hips, fire-hydrants, squats, lunges, RDL's",
7545707d-d52a-4671-908f-ee6ab5f74e6a,2019-08-15 06:03:00,Running,,1.50,8:02,5:21,11.20,119.0,0,,"","Goed. Beetje stijf en snipverkouden. Gelopen op Clifton 2 (2). Het regende een beetje.",
c41fd978-4e5e-48d8-b8be-2002c1b52066,2019-08-09 00:05:00,Running,,2.00,9:30,4:45,12.63,164.0,0,,"","Goed. Beetje wolven naar de supermarkt. Gelopen op Fresh Foam Zante.",
ef14e86b-d797-4433-ad26-9e00247cc397,2019-08-08 00:01:00,Running,,10.00,45:01,4:30,13.33,809.0,0,,"","Goed. tempo vier veertig. Rollend terrein. 5 x heuvelsprints in 55 tot 60 seconden en 2 min herstel naar beneden. Graad of 25 en zon. Gelijk langs de super voor kleine boodschap. Gelopen op Clifton 2 (2).",
c20af030-1c99-45ab-ae95-bf2327d6815c,2019-08-06 00:15:00,Running,,4.50,20:19,4:31,13.29,365.0,0,,"","Redelijk. Slecht geslapen, koud gehad, beetje brak. Rondje langs de Noordelijke lus van de Hammersee. Overkant is ruige singletrack, veel moeten springen en bukken. Gelopen op Clifton 2 (2).",
78c205a3-34e1-4fe5-aff5-5049b326d28c,2019-08-04 09:00:00,Running,,5.80,25:00,4:19,13.92,461.0,0,,"","Lekker. Rollend terrein over het water langs het Lipnomeer. Gelopen op Clifton 2 (2).",
69eb6b1b-e246-4f59-8881-ad971a6befe0,2019-08-01 09:00:00,Running,,12.00,53:00,4:25,13.58,962.0,0,,"","Lekker. Veel hoogteverschil, vooral maar beneden erg hard gelopen. Achter camping Frymburk omhoog naar punt Kaliste, op bijna 1000 meter hoog. Veel downhill ook. Gelopen op Clifton 2 (2). Graad of 18 en zonnig.",
